{
	"info": {
		"_postman_id": "4b164187-fcbd-49e9-90bc-7c165f124957",
		"name": "flight-bookin-api",
		"schema": "https://schema.getpostman.com/json/collection/v2.1.0/collection.json"
	},
	"item": [
		{
			"name": "Login",
			"request": {
				"method": "POST",
				"header": [],
				"body": {
					"mode": "raw",
					"raw": "{\r\n    \"username\": \"suyash56\",\r\n    \"password\": \"1keplkanpur\"\r\n}",
					"options": {
						"raw": {
							"language": "json"
						}
					}
				},
				"url": {
					"raw": "http://localhost:3000/api/login",
					"protocol": "http",
					"host": [
						"localhost"
					],
					"port": "3000",
					"path": [
						"api",
						"login"
					]
				}
			},
			"response": []
		},
		{
			"name": "Register",
			"request": {
				"method": "POST",
				"header": [],
				"body": {
					"mode": "raw",
					"raw": "{\r\n    \"firstName\": \"Shaji\",\r\n    \"lastName\": \"Sheikh\",\r\n    \"username\": \"shaji21\",\r\n    \"password\": \"1keplkanpur\",\r\n    \"userRole\": \"User\"\r\n}",
					"options": {
						"raw": {
							"language": "json"
						}
					}
				},
				"url": {
					"raw": "http://localhost:3000/api/register",
					"protocol": "http",
					"host": [
						"localhost"
					],
					"port": "3000",
					"path": [
						"api",
						"register"
					]
				}
			},
			"response": []
		},
		{
			"name": "AddFlight",
			"request": {
				"method": "POST",
				"header": [],
				"body": {
					"mode": "raw",
					"raw": "{\r\n    \"flightNumber\": \"IND987\",\r\n    \"airlineName\": \"Indigo\",\r\n    \"source\": \"Kolkata\",\r\n    \"destination\": \"Chennai\",\r\n    \"time\": \"01:00\"\r\n}",
					"options": {
						"raw": {
							"language": "json"
						}
					}
				},
				"url": {
					"raw": "http://localhost:3000/api/addFlight",
					"protocol": "http",
					"host": [
						"localhost"
					],
					"port": "3000",
					"path": [
						"api",
						"addFlight"
					]
				}
			},
			"response": []
		},
		{
			"name": "BookFlight",
			"request": {
				"method": "POST",
				"header": [],
				"body": {
					"mode": "raw",
					"raw": "{\r\n    \"flightNumber\": \"GO196\",\r\n    \"userId\": \"648bf94dd9ef212b0904e9bd\",\r\n    \"dateOfTravel\": \"2023-06-23\"\r\n}",
					"options": {
						"raw": {
							"language": "json"
						}
					}
				},
				"url": {
					"raw": "http://localhost:3000/api/bookFlight",
					"protocol": "http",
					"host": [
						"localhost"
					],
					"port": "3000",
					"path": [
						"api",
						"bookFlight"
					]
				}
			},
			"response": []
		},
		{
			"name": "GetAllRoles",
			"request": {
				"method": "GET",
				"header": [],
				"url": {
					"raw": "http://localhost:3000/api/userRoles/getAll",
					"protocol": "http",
					"host": [
						"localhost"
					],
					"port": "3000",
					"path": [
						"api",
						"userRoles",
						"getAll"
					]
				}
			},
			"response": []
		},
		{
			"name": "GetRoleById",
			"request": {
				"method": "GET",
				"header": [],
				"url": {
					"raw": "http://localhost:3000/api/getUserRoleById/648bf84bd9ef212b0904e9bb",
					"protocol": "http",
					"host": [
						"localhost"
					],
					"port": "3000",
					"path": [
						"api",
						"getUserRoleById",
						"648bf84bd9ef212b0904e9bb"
					]
				}
			},
			"response": []
		},
		{
			"name": "GetUserById",
			"request": {
				"method": "GET",
				"header": [],
				"url": {
					"raw": "http://localhost:3000/api/getUserById/648bf85ed9ef212b0904e9bc",
					"protocol": "http",
					"host": [
						"localhost"
					],
					"port": "3000",
					"path": [
						"api",
						"getUserById",
						"648bf85ed9ef212b0904e9bc"
					]
				}
			},
			"response": []
		},
		{
			"name": "GetRoleByName",
			"request": {
				"method": "GET",
				"header": [],
				"url": {
					"raw": "http://localhost:3000/api/getUserRole/User",
					"protocol": "http",
					"host": [
						"localhost"
					],
					"port": "3000",
					"path": [
						"api",
						"getUserRole",
						"User"
					]
				}
			},
			"response": []
		},
		{
			"name": "GetAllFlights",
			"request": {
				"method": "GET",
				"header": [],
				"url": {
					"raw": "http://localhost:3000/api/flights/getAll",
					"protocol": "http",
					"host": [
						"localhost"
					],
					"port": "3000",
					"path": [
						"api",
						"flights",
						"getAll"
					]
				}
			},
			"response": []
		},
		{
			"name": "ViewBookingsByUserId",
			"request": {
				"method": "GET",
				"header": [],
				"url": {
					"raw": "http://localhost:3000/api/viewBookings/648c8dfad1a767332989ad2d",
					"protocol": "http",
					"host": [
						"localhost"
					],
					"port": "3000",
					"path": [
						"api",
						"viewBookings",
						"648c8dfad1a767332989ad2d"
					]
				}
			},
			"response": []
		},
		{
			"name": "GetFlightByFlightNumberAndDate",
			"request": {
				"method": "GET",
				"header": [],
				"url": {
					"raw": "http://localhost:3000/api/viewBookings?flightNumber=GO196&date=2023-06-23",
					"protocol": "http",
					"host": [
						"localhost"
					],
					"port": "3000",
					"path": [
						"api",
						"viewBookings"
					],
					"query": [
						{
							"key": "flightNumber",
							"value": "GO196"
						},
						{
							"key": "date",
							"value": "2023-06-23"
						}
					]
				}
			},
			"response": []
		},
		{
			"name": "SearchFlight",
			"request": {
				"method": "GET",
				"header": [],
				"url": {
					"raw": "http://localhost:3000/api/searchFlights?source=New Delhi&destination=Hyderabad&date=2023-06-23&time=21:00",
					"protocol": "http",
					"host": [
						"localhost"
					],
					"port": "3000",
					"path": [
						"api",
						"searchFlights"
					],
					"query": [
						{
							"key": "source",
							"value": "New Delhi"
						},
						{
							"key": "destination",
							"value": "Hyderabad"
						},
						{
							"key": "date",
							"value": "2023-06-23"
						},
						{
							"key": "time",
							"value": "21:00"
						}
					]
				}
			},
			"response": []
		},
		{
			"name": "RemoveFlight",
			"request": {
				"method": "DELETE",
				"header": [],
				"url": {
					"raw": "http://localhost:3000/api/removeFlight/648cb6920e253be859124006",
					"protocol": "http",
					"host": [
						"localhost"
					],
					"port": "3000",
					"path": [
						"api",
						"removeFlight",
						"648cb6920e253be859124006"
					]
				}
			},
			"response": []
		}
	]
}